database,database_name,clinical_category,record_id,sampling_rate_hz,num_channels,channels,gain_adc_per_mv,num_samples,start_time,duration_seconds,duration_hours,duration_formatted,patient_age,patient_sex,clinical_notes,has_atr,has_ari,has_xws,has_qrs,dat_size_mb
nsrdb,MIT-BIH Normal Sinus Rhythm Database,Control (Ritmo Sinusal Normal),16265,128.0,2,ECG1/ECG2,0/0,11730944,8:04:00,91648.0,25.46,25:27:28,32,M,32 M,True,False,True,False,33.56
nsrdb,MIT-BIH Normal Sinus Rhythm Database,Control (Ritmo Sinusal Normal),16272,128.0,2,ECG1/ECG2,0/0,11520000,10:45:00,90000.0,25.0,25:00:00,20,F,20 F,True,False,True,False,32.96
nsrdb,MIT-BIH Normal Sinus Rhythm Database,Control (Ritmo Sinusal Normal),16273,128.0,2,ECG1/ECG2,0/0,11354112,8:00:00,88704.0,24.64,24:38:24,28,F,28 F,True,False,True,False,32.48
nsrdb,MIT-BIH Normal Sinus Rhythm Database,Control (Ritmo Sinusal Normal),16420,128.0,2,ECG1/ECG2,0/0,11051008,9:55:00,86336.0,23.98,23:58:56,38,F,38 F,True,False,True,False,31.62
nsrdb,MIT-BIH Normal Sinus Rhythm Database,Control (Ritmo Sinusal Normal),16483,128.0,2,ECG1/ECG2,0/0,11960320,9:54:00,93440.0,25.96,25:57:20,42,M,42 M,True,False,True,False,34.22
nsrdb,MIT-BIH Normal Sinus Rhythm Database,Control (Ritmo Sinusal Normal),16539,128.0,2,ECG1/ECG2,0/0,11327488,8:40:00,88496.0,24.58,24:34:56,35,F,35 F,True,False,True,False,32.41
nsrdb,MIT-BIH Normal Sinus Rhythm Database,Control (Ritmo Sinusal Normal),16773,128.0,2,ECG1/ECG2,0/0,11046912,9:50:00,86304.0,23.97,23:58:24,26,M,26 M,True,False,True,False,31.61
nsrdb,MIT-BIH Normal Sinus Rhythm Database,Control (Ritmo Sinusal Normal),16786,128.0,2,ECG1/ECG2,0/0,11284480,11:48:00,88160.0,24.49,24:29:20,32,F,32 F,True,False,True,False,32.29
nsrdb,MIT-BIH Normal Sinus Rhythm Database,Control (Ritmo Sinusal Normal),16795,128.0,2,ECG1/ECG2,0/0,10866688,11:15:00,84896.0,23.58,23:34:56,20,F,20 F,True,False,True,False,31.09
nsrdb,MIT-BIH Normal Sinus Rhythm Database,Control (Ritmo Sinusal Normal),17052,128.0,2,ECG1/ECG2,0/0,10659840,11:06:00,83280.0,23.13,23:08:00,45,F,45 F,True,False,True,False,30.5
nsrdb,MIT-BIH Normal Sinus Rhythm Database,Control (Ritmo Sinusal Normal),17453,128.0,2,ECG1/ECG2,0/0,11235328,9:20:00,87776.0,24.38,24:22:56,32,F,32 F,True,False,True,False,32.14
nsrdb,MIT-BIH Normal Sinus Rhythm Database,Control (Ritmo Sinusal Normal),18177,128.0,2,ECG1/ECG2,0/0,11960320,11:30:00,93440.0,25.96,25:57:20,26,F,26 F,True,False,True,False,34.22
nsrdb,MIT-BIH Normal Sinus Rhythm Database,Control (Ritmo Sinusal Normal),18184,128.0,2,ECG1/ECG2,0/0,10942464,9:34:00,85488.0,23.75,23:44:48,34,F,34 F,True,False,True,False,31.31
nsrdb,MIT-BIH Normal Sinus Rhythm Database,Control (Ritmo Sinusal Normal),19088,128.0,2,ECG1/ECG2,0/0,10967040,10:58:00,85680.0,23.8,23:48:00,41,F,41 F,True,False,True,False,31.38
nsrdb,MIT-BIH Normal Sinus Rhythm Database,Control (Ritmo Sinusal Normal),19090,128.0,2,ECG1/ECG2,0/0,11143168,13:50:00,87056.0,24.18,24:10:56,45,M,45 M,True,False,True,False,31.88
nsrdb,MIT-BIH Normal Sinus Rhythm Database,Control (Ritmo Sinusal Normal),19093,128.0,2,ECG1/ECG2,0/0,10705920,10:42:00,83640.0,23.23,23:14:00,34,M,34 M,True,False,True,False,30.63
nsrdb,MIT-BIH Normal Sinus Rhythm Database,Control (Ritmo Sinusal Normal),19140,128.0,2,ECG1/ECG2,0/0,11139072,11:39:00,87024.0,24.17,24:10:24,38,F,38 F,True,False,True,False,31.87
nsrdb,MIT-BIH Normal Sinus Rhythm Database,Control (Ritmo Sinusal Normal),19830,128.0,2,ECG1/ECG2,0/0,10701824,9:56:00,83608.0,23.22,23:13:28,50,F,50 F,True,False,True,False,30.62
edb,European ST-T Database,Isquemia Miocárdica (Cambios ST-T),e0103,250.0,2,V4/MLIII,200/200,1800000,,7200.0,2.0,02:00:00,62,M,"Age: 62  Sex: M ; Mixed angina ; 1-vessel disease (RCA) ; Medications: nitrates, diltiazem ; Recorder type: ICR 7200",True,False,False,False,5.15
edb,European ST-T Database,Isquemia Miocárdica (Cambios ST-T),e0104,250.0,2,MLIII/V4,200/200,1800000,,7200.0,2.0,02:00:00,47,M,"Age: 47  Sex: M ; Mixed angina ; 2-vessel disease (LAD, LCX) ; Inferior myocardial infarction ; Medications: nitrates, verapamil ; Recorder type: ICR 7200",True,False,False,False,5.15
edb,European ST-T Database,Isquemia Miocárdica (Cambios ST-T),e0105,250.0,2,MLIII/V4,200/200,1800000,,7200.0,2.0,02:00:00,65,M,Age: 65  Sex: M ; Mixed angina ; Inferior myocardial infarction ; 3-vessel disease ; Medications: verapamil ; Recorder type: ICR 7200,True,False,False,False,5.15
edb,European ST-T Database,Isquemia Miocárdica (Cambios ST-T),e0106,250.0,2,MLIII/V3,200/200,1800000,,7200.0,2.0,02:00:00,56,M,"Age: 56  Sex: M ; Mixed angina ; 2-vessel disease (LAD, LCX) ; Medications: nitrates, verapamil ; Recorder type: Oxford Medilog 4-24",True,False,False,False,5.15
edb,European ST-T Database,Isquemia Miocárdica (Cambios ST-T),e0107,250.0,2,D3/V4,200/200,1800000,,7200.0,2.0,02:00:00,52,M,"Age: 52  Sex: M ; Mixed angina ; 1-vessel disease (LCX) ; Medications: nitrates, verapamil ; Recorder type: Oxford Medilog 4-24",True,False,False,False,5.15
edb,European ST-T Database,Isquemia Miocárdica (Cambios ST-T),e0108,250.0,2,V4/MLIII,200/200,1800000,,7200.0,2.0,02:00:00,46,M,"Age: 46  Sex: M ; Mixed angina ; 3-vessel disease ; Anterior myocardial infarction ; Medications: nitrates, verapamil ; Recorder type: ICR 7200",True,False,False,False,5.15
edb,European ST-T Database,Isquemia Miocárdica (Cambios ST-T),e0110,250.0,2,V3/MLIII,200/200,1800000,,7200.0,2.0,02:00:00,47,M,"Age: 47  Sex: M ; Resting angina ; 2-vessel disease (LAD, LCX) ; Medications: nitrates, nifedipine ; Recorder type: Oxford Medilog 4-24",True,False,False,False,5.15
edb,European ST-T Database,Isquemia Miocárdica (Cambios ST-T),e0111,250.0,2,MLIII/V4,200/200,1800000,,7200.0,2.0,02:00:00,43,M,Age: 43  Sex: M ; Mixed angina ; 1-vessel disease (LAD) ; Recorder type: Oxford Medilog 4-24,True,False,False,False,5.15
edb,European ST-T Database,Isquemia Miocárdica (Cambios ST-T),e0112,250.0,2,MLIII/V4,200/200,1800000,,7200.0,2.0,02:00:00,52,M,"Age: 52  Sex: M ; Mixed angina ; 2-vessel disease (LCX, RCA) ; Arterial hypertension ; Medications: nitrates, verapamil ; Recorder type: Oxford Medilog 4-24",True,False,False,False,5.15
edb,European ST-T Database,Isquemia Miocárdica (Cambios ST-T),e0113,250.0,2,MLIII/V4,200/200,1800000,,7200.0,2.0,02:00:00,55,M,"Age: 55  Sex: M ; Mixed angina ; 3-vessel disease ; Medications: nitrates, verapamil ; Recorder type: Oxford Medilog 4-24",True,False,False,False,5.15
edb,European ST-T Database,Isquemia Miocárdica (Cambios ST-T),e0114,250.0,2,MLIII/V4,200/200,1800000,,7200.0,2.0,02:00:00,60,M,"Age: 60  Sex: M ; Mixed angina ; 3-vessel disease ; Arterial hypertension ; Medications: nitrates, verapamil ; Recorder type: Oxford Medilog 4-24",True,False,False,False,5.15
edb,European ST-T Database,Isquemia Miocárdica (Cambios ST-T),e0115,250.0,2,V5/MLIII,200/200,1800000,,7200.0,2.0,02:00:00,60,M,Age: 60  Sex: M ; Effort angina ; 1-vessel disease (LCX) ; Recorder type: ICR 7200,True,False,False,False,5.15
edb,European ST-T Database,Isquemia Miocárdica (Cambios ST-T),e0116,250.0,2,V4/MLIII,200/200,1800000,,7200.0,2.0,02:00:00,47,M,"Age: 47  Sex: M ; Resting angina ; Normal coronary arteries ; Medications: nitrates, verapamil ; Recorder type: ICR 7200",True,False,False,False,5.15
edb,European ST-T Database,Isquemia Miocárdica (Cambios ST-T),e0118,250.0,2,V4/MLIII,200/200,1800000,,7200.0,2.0,02:00:00,51,M,"Age: 51  Sex: M ; Resting angina ; Normal coronary arteries ; Medications: nitrates, nifedipine, diltiazem ; Recorder type: ICR 7200",True,False,False,False,5.15
edb,European ST-T Database,Isquemia Miocárdica (Cambios ST-T),e0119,250.0,2,V4/MLIII,200/200,1800000,,7200.0,2.0,02:00:00,51,M,"Age: 51  Sex: M ; Resting angina ; Normal coronary arteries ; Medications: nitrates, nifedipine, diltiazem ; Recorder type: ICR 7200",True,False,False,False,5.15
edb,European ST-T Database,Isquemia Miocárdica (Cambios ST-T),e0121,250.0,2,V4/MLIII,200/200,1800000,,7200.0,2.0,02:00:00,51,M,"Age: 51  Sex: M ; Resting angina ; Normal coronary arteries ; Medications: nitrates, nifedipine, diltiazem ; Recorder type: ICR 7200",True,False,False,False,5.15
edb,European ST-T Database,Isquemia Miocárdica (Cambios ST-T),e0122,250.0,2,V4/MLIII,200/200,1800000,,7200.0,2.0,02:00:00,51,M,"Age: 51  Sex: M ; Resting angina ; Normal coronary arteries ; Medications: nitrates, nifedipine, diltiazem ; Recorder type: ICR 7200",True,False,False,False,5.15
edb,European ST-T Database,Isquemia Miocárdica (Cambios ST-T),e0123,250.0,2,V4/MLIII,200/200,1800000,,7200.0,2.0,02:00:00,58,M,"Age: 58  Sex: M ; Resting angina ; Anterior myocardial infarction ; 1-vessel disease (LAD) ; Aortic valvular regurgitation ; Medications: nitrates, diltiazem ; Recorder type: ICR 7200",True,False,False,False,5.15
edb,European ST-T Database,Isquemia Miocárdica (Cambios ST-T),e0124,250.0,2,V4/MLIII,200/200,1800000,,7200.0,2.0,02:00:00,58,M,"Age: 58  Sex: M ; Resting angina ; Anterior myocardial infarction ; 1-vessel disease (LAD) ; Aortic valvular regurgitation ; Medications: nitrates, diltiazem ; Recorder type: ICR 7200",True,False,False,False,5.15
edb,European ST-T Database,Isquemia Miocárdica (Cambios ST-T),e0125,250.0,2,V4/MLIII,200/200,1800000,,7200.0,2.0,02:00:00,58,M,"Age: 58  Sex: M ; Resting angina ; Anterior myocardial infarction ; 1-vessel disease (LAD) ; Aortic valvular regurgitation ; Medications: nitrates, diltiazem ; Recorder type: ICR 7200",True,False,False,False,5.15
edb,European ST-T Database,Isquemia Miocárdica (Cambios ST-T),e0126,250.0,2,V4/MLIII,200/200,1800000,,7200.0,2.0,02:00:00,58,M,"Age: 58  Sex: M ; Resting angina ; Anterior myocardial infarction ; Aortic valvular regurgitation ; 1-vessel disease (LAD) ; Medications: nitrates, diltiazem ; Recorder type: ICR 7200",True,False,False,False,5.15
edb,European ST-T Database,Isquemia Miocárdica (Cambios ST-T),e0127,250.0,2,V4/MLIII,200/200,1800000,,7200.0,2.0,02:00:00,44,M,Age: 44  Sex: M ; Resting angina ; 1-vessel disease (LAD) ; Recorder type: ICR 7200,True,False,False,False,5.15
edb,European ST-T Database,Isquemia Miocárdica (Cambios ST-T),e0129,250.0,2,MLIII/V3,200/200,1800000,,7200.0,2.0,02:00:00,48,M,"Age: 48  Sex: M ; Mixed angina ; 1-vessel disease (RCA) ; Medications: nitrates, nifedipine ; Recorder type: Oxford Medilog 4-24",True,False,False,False,5.15
edb,European ST-T Database,Isquemia Miocárdica (Cambios ST-T),e0133,250.0,2,MLIII/V3,200/200,1800000,,7200.0,2.0,02:00:00,48,M,"Age: 48  Sex: M ; Mixed angina ; 1-vessel disease (RCA) ; Medications: nitrates, nifedipine ; Recorder type: ICR 7200",True,False,False,False,5.15
edb,European ST-T Database,Isquemia Miocárdica (Cambios ST-T),e0136,250.0,2,MLIII/V4,200/200,1800000,,7200.0,2.0,02:00:00,47,M,"Age: 47  Sex: M ; Mixed angina ; 1-vessel disease (RCA) ; Medications: nitrates, diltiazem ; Recorder type: ICR 7200",True,False,False,False,5.15
edb,European ST-T Database,Isquemia Miocárdica (Cambios ST-T),e0139,250.0,2,MLIII/V4,200/200,1800000,,7200.0,2.0,02:00:00,47,M,"Age: 47  Sex: M ; Mixed angina ; 1-vessel disease (RCA) ; Medications: nitrates, diltiazem ; Recorder type: ICR 7200",True,False,False,False,5.15
edb,European ST-T Database,Isquemia Miocárdica (Cambios ST-T),e0147,250.0,2,MLIII/V4,200/200,1800000,,7200.0,2.0,02:00:00,35,M,"Age: 35  Sex: M ; Mixed angina ; 3-vessel disease ; Medications: nifedipine, nitrates, beta-blockers ; Recorder type: Oxford Medilog 4-24",True,False,False,False,5.15
edb,European ST-T Database,Isquemia Miocárdica (Cambios ST-T),e0148,250.0,2,MLIII/V4,200/200,1800000,,7200.0,2.0,02:00:00,35,M,"Age: 35  Sex: M ; Mixed angina ; 3-vessel disease ; Medications: nifedipine, nitrates, beta-blockers ; Recorder type: Oxford Medilog 4-24",True,False,False,False,5.15
edb,European ST-T Database,Isquemia Miocárdica (Cambios ST-T),e0151,250.0,2,V3/MLIII,200/200,1800000,,7200.0,2.0,02:00:00,56,M,"Age: 56  Sex: M ; Mixed angina ; 1-vessel disease (LAD) ; Medications: nifedipine, nitrates ; Recorder type: Oxford Medilog 4-24",True,False,False,False,5.15
edb,European ST-T Database,Isquemia Miocárdica (Cambios ST-T),e0154,250.0,2,MLIII/V4,200/200,1800000,,7200.0,2.0,02:00:00,51,M,"Age: 51  Sex: M ; Resting angina ; 1-vessel disease (LAD) ; Medications: diltiazem, nitrates ; Recorder type: ICR 7200",True,False,False,False,5.15
edb,European ST-T Database,Isquemia Miocárdica (Cambios ST-T),e0155,250.0,2,MLIII/V4,200/200,1800000,,7200.0,2.0,02:00:00,51,M,"Age: 51  Sex: M ; Resting angina ; 1-vessel disease (LAD) ; Medications: diltiazem, nitrates ; Recorder type: ICR 7200",True,False,False,False,5.15
edb,European ST-T Database,Isquemia Miocárdica (Cambios ST-T),e0159,250.0,2,MLIII/V4,200/200,1800000,,7200.0,2.0,02:00:00,62,M,Age: 62  Sex: M ; Mixed angina ; Inferior myocardial infarction ; 3-vessel disease ; Recorder type: ICR 7200,True,False,False,False,5.15
edb,European ST-T Database,Isquemia Miocárdica (Cambios ST-T),e0161,250.0,2,V4/MLIII,200/200,1800000,,7200.0,2.0,02:00:00,48,M,Age: 48  Sex: M ; Mixed angina ; 1-vessel disease (RCA) ; Recorder type: ICR 7200,True,False,False,False,5.15
edb,European ST-T Database,Isquemia Miocárdica (Cambios ST-T),e0162,250.0,2,MLIII/V4,200/200,1800000,,7200.0,2.0,02:00:00,66,M,Age: 66  Sex: M ; Effort angina ; Myocardial infarction ; Arterial hypertension ; 3-vessel disease ; Recorder type: ICR 7200,True,False,False,False,5.15
edb,European ST-T Database,Isquemia Miocárdica (Cambios ST-T),e0163,250.0,2,MLIII/V4,200/200,1800000,,7200.0,2.0,02:00:00,66,M,Age: 66  Sex: M ; Effort angina ; Myocardial infarction ; Arterial hypertension ; 3-vessel disease ; Recorder type: ICR 7200,True,False,False,False,5.15
edb,European ST-T Database,Isquemia Miocárdica (Cambios ST-T),e0166,250.0,2,V4/MLIII,200/200,1800000,,7200.0,2.0,02:00:00,,,Age: -  Sex: - ; Effort angina ; Myocardial infarction ; Recorder type: Applied Cardiac Systems,True,False,False,False,5.15
edb,European ST-T Database,Isquemia Miocárdica (Cambios ST-T),e0170,250.0,2,V4/MLIII,200/200,1800000,,7200.0,2.0,02:00:00,61,M,Age: 61  Sex: M ; Resting angina ; Normal coronary vessels ; Recorder type: ICR 7200,True,False,False,False,5.15
edb,European ST-T Database,Isquemia Miocárdica (Cambios ST-T),e0202,250.0,2,V5/MLI,200/200,1800000,,7200.0,2.0,02:00:00,47,M,Age: 47  Sex: M ; 3-vessel disease ; Recorder type: Oxford Medilog MR-20,True,False,False,False,5.15
edb,European ST-T Database,Isquemia Miocárdica (Cambios ST-T),e0203,250.0,2,V5/MLI,200/200,1800000,,7200.0,2.0,02:00:00,64,F,Age: 64  Sex: F ; 1-vessel disease (LAD) ; Arterial hypertension ; Recorder type: Oxford Medilog MR-20,True,False,False,False,5.15
edb,European ST-T Database,Isquemia Miocárdica (Cambios ST-T),e0204,250.0,2,V5/MLI,200/200,1800000,,7200.0,2.0,02:00:00,53,M,"Age: 53  Sex: M ; 2-vessel disease (LAD, LCX) ; Recorder type: Oxford Medilog MR-20",True,False,False,False,5.15
edb,European ST-T Database,Isquemia Miocárdica (Cambios ST-T),e0205,250.0,2,V5/MLI,200/200,1800000,,7200.0,2.0,02:00:00,55,M,Age: 55   Sex: M ; 1-vessel disease (LAD) ; Recorder type: Oxford Medilog MR-20,True,False,False,False,5.15
edb,European ST-T Database,Isquemia Miocárdica (Cambios ST-T),e0206,250.0,2,V5/MLI,200/200,1800000,,7200.0,2.0,02:00:00,55,M,Age: 55  Sex: M ; 3-vessel disease ; Recorder type: Oxford Medilog MR-20,True,False,False,False,5.15
edb,European ST-T Database,Isquemia Miocárdica (Cambios ST-T),e0207,250.0,2,V5/MLI,200/200,1800000,,7200.0,2.0,02:00:00,48,M,"Age: 48  Sex: M ; 2-vessel disease (LAD, LCX) ; Recorder type: Oxford Medilog MR-20",True,False,False,False,5.15
edb,European ST-T Database,Isquemia Miocárdica (Cambios ST-T),e0208,250.0,2,V5/MLI,200/200,1800000,,7200.0,2.0,02:00:00,60,M,"Age: 60  Sex: M ; 2-vessel disease (RCA, LAD) ; Recorder type: Oxford Medilog MR-20",True,False,False,False,5.15
edb,European ST-T Database,Isquemia Miocárdica (Cambios ST-T),e0210,250.0,2,V5/MLI,200/200,1800000,,7200.0,2.0,02:00:00,53,M,Age: 53  Sex: M ; 3-vessel disease ; Recorder type: Oxford Medilog MR-20,True,False,False,False,5.15
edb,European ST-T Database,Isquemia Miocárdica (Cambios ST-T),e0211,250.0,2,V5/MLI,200/200,1800000,,7200.0,2.0,02:00:00,56,M,"Age: 56  Sex: M ; 2-vessel disease (RCA, LAD) ; Recorder type: Oxford Medilog MR-20",True,False,False,False,5.15
edb,European ST-T Database,Isquemia Miocárdica (Cambios ST-T),e0212,250.0,2,V5/MLI,200/200,1800000,,7200.0,2.0,02:00:00,46,M,Age: 46  Sex: M ; 2-vessel disease ; Recorder type: Oxford Medilog MR-20,True,False,False,False,5.15
edb,European ST-T Database,Isquemia Miocárdica (Cambios ST-T),e0213,250.0,2,V5/MLI,200/200,1800000,,7200.0,2.0,02:00:00,56,F,Age: 56  Sex: F ; 1-vessel disease (RCA) ; Recorder type: Oxford Medilog MR-20,True,False,False,False,5.15
edb,European ST-T Database,Isquemia Miocárdica (Cambios ST-T),e0302,250.0,2,V3/V5,200/200,1800000,,7200.0,2.0,02:00:00,71,F,"Age: 71  Sex: F ; Angina pectoris ; Inferior myocardial infarction ; Coronary artery by-pass graft ; Medications: nitrates, nifedipine ; Recorder type: Oxford Medilog MR-20",True,False,False,False,5.15
edb,European ST-T Database,Isquemia Miocárdica (Cambios ST-T),e0303,250.0,2,V2/V5,200/200,1800000,,7200.0,2.0,02:00:00,55,M,"Age: 55  Sex: M ; Previous coronary artery by-pass graft ; Myocardial infarction ; Medications: nitrates, nifedipine, beta-blockers ; Recorder type: Oxford Medilog MR-20",True,False,False,False,5.15
edb,European ST-T Database,Isquemia Miocárdica (Cambios ST-T),e0304,250.0,2,V3/V5,200/200,1800000,,7200.0,2.0,02:00:00,55,M,Age: 55  Sex: M ; Angina pectoris ; Myocardial infarction ; Coronary artery by-pass graft ; Recorder type: Oxford Medilog MR-20,True,False,False,False,5.15
edb,European ST-T Database,Isquemia Miocárdica (Cambios ST-T),e0305,250.0,2,V2/V5,200/200,1800000,,7200.0,2.0,02:00:00,60,M,Age: 60  Sex: M ; Inferior myocardial infarction ; Coronary artery by-pass graft ; LCA main stem ; Medications: nifedipine ; Recorder type: Oxford Medilog MR-35,True,False,False,False,5.15
edb,European ST-T Database,Isquemia Miocárdica (Cambios ST-T),e0306,250.0,2,V2/V5,200/200,1800000,,7200.0,2.0,02:00:00,66,M,Age: 66  Sex: M ; Inferior myocardial infarction ; Coronary artery disease ; Recorder type: Oxford Medilog MR-35,True,False,False,False,5.15
edb,European ST-T Database,Isquemia Miocárdica (Cambios ST-T),e0403,250.0,2,V5/V1,200/200,1800000,,7200.0,2.0,02:00:00,40,M,Age: 40  Sex: M ; Resting angina ; 1-vessel disease (LAD) ; Recorder type: Ela Medical 2448,True,False,False,False,5.15
edb,European ST-T Database,Isquemia Miocárdica (Cambios ST-T),e0404,250.0,2,V5/MLI,200/200,1800000,,7200.0,2.0,02:00:00,54,M,Age: 54  Sex: M ; Resting angina ; 1-vessel disease (LAD) ; Medications: nidefipine ; Recorder type: ICR 7200,True,False,False,False,5.15
edb,European ST-T Database,Isquemia Miocárdica (Cambios ST-T),e0405,250.0,2,V5/V1,200/200,1800000,,7200.0,2.0,02:00:00,46,M,Age: 46  Sex: M ; Chest pain ; No coronary angiography ; Recorder type: Ela Medical 2448,True,False,False,False,5.15
edb,European ST-T Database,Isquemia Miocárdica (Cambios ST-T),e0406,250.0,2,V5/MLI,200/200,1800000,,7200.0,2.0,02:00:00,45,M,"Age: 45  Sex: M ; No coronary angiography ; Myocardial infarction ; Medications: beta-blockers, diltiazem, molsidomine ; Recorder type: ICR 7200",True,False,False,False,5.15
edb,European ST-T Database,Isquemia Miocárdica (Cambios ST-T),e0408,250.0,2,V5/MLI,200/200,1800000,,7200.0,2.0,02:00:00,37,M,"Age: 37  Sex: M ; Myocardial infarction ; 2-vessel disease (RCA, LAD) ; Medications: nifedipine, beta-blockers ; Recorder type: ICR 7200",True,False,False,False,5.15
edb,European ST-T Database,Isquemia Miocárdica (Cambios ST-T),e0409,250.0,2,V5/MLI,200/200,1800000,,7200.0,2.0,02:00:00,71,M,"Age: 71  Sex: M ; Resting angina ; Coronary artery disease ; Myocardial infarction ; Medications: nifedipine, beta-blockers, nitrates ; Recorder type: ICR 7200",True,False,False,False,5.15
edb,European ST-T Database,Isquemia Miocárdica (Cambios ST-T),e0410,250.0,2,V5/MLI,200/200,1800000,,7200.0,2.0,02:00:00,41,M,Age: 41  Sex: M ; Resting angina ; Normal coronary artery vessels ; Medications: nifedipine ; Recorder type: ICR 7200,True,False,False,False,5.15
edb,European ST-T Database,Isquemia Miocárdica (Cambios ST-T),e0411,250.0,2,V5/MLI,200/200,1800000,,7200.0,2.0,02:00:00,45,M,Age: 45  Sex: M ; Resting angina ; Coronary artery disease ; Recorder type: ICR 7200,True,False,False,False,5.15
edb,European ST-T Database,Isquemia Miocárdica (Cambios ST-T),e0413,250.0,2,V2/V5,200/200,1800000,,7200.0,2.0,02:00:00,73,M,Age: 73  Sex: M ; Angina pectoris ; Recorder type: ICR 7200,True,False,False,False,5.15
edb,European ST-T Database,Isquemia Miocárdica (Cambios ST-T),e0415,250.0,2,V2/V5,200/200,1800000,,7200.0,2.0,02:00:00,83,M,Age: 83  Sex: M ; Chest pain ; Recorder type: Ela Medical 2448,True,False,False,False,5.15
edb,European ST-T Database,Isquemia Miocárdica (Cambios ST-T),e0417,250.0,2,V5/MLI,200/200,1800000,,7200.0,2.0,02:00:00,84,M,"Age: 84  Sex: M ; Medications: diltiazem, molsidomine ; Recorder type: ICR 7200",True,False,False,False,5.15
edb,European ST-T Database,Isquemia Miocárdica (Cambios ST-T),e0418,250.0,2,V5/MLI,200/200,1800000,,7200.0,2.0,02:00:00,,F,Age: -  Sex: F ; Recorder type: ICR 7200,True,False,False,False,5.15
edb,European ST-T Database,Isquemia Miocárdica (Cambios ST-T),e0501,250.0,2,V2/V4,200/200,1800000,,7200.0,2.0,02:00:00,83,M,Age: 83  Sex: M ; Recorder type: ICR 7200,True,False,False,False,5.15
edb,European ST-T Database,Isquemia Miocárdica (Cambios ST-T),e0509,250.0,2,V2/V4,200/200,1800000,,7200.0,2.0,02:00:00,34,M,Age: 34  Sex: M ; Coronary artery disease ; Myocardial infarction ; Medications: verapamil ; Recorder type: ICR 7200,True,False,False,False,5.15
edb,European ST-T Database,Isquemia Miocárdica (Cambios ST-T),e0515,250.0,2,V2/V5,200/200,1800000,,7200.0,2.0,02:00:00,34,M,Age: 34  Sex: M ; Coronary artery disease ; Medications: nitrates ; Recorder type: ICR 7200,True,False,False,False,5.15
edb,European ST-T Database,Isquemia Miocárdica (Cambios ST-T),e0601,250.0,2,V5/MLIII,200/200,1800000,,7200.0,2.0,02:00:00,55,M,Age: 55  Sex: M ; Resting angina ; Coronary artery disease ; Medications: diltiazem ; Recorder type: Del Mar Avionics 445B,True,False,False,False,5.15
edb,European ST-T Database,Isquemia Miocárdica (Cambios ST-T),e0602,250.0,2,V5/MLIII,200/200,1800000,,7200.0,2.0,02:00:00,51,M,"Age: 51  Sex: M ; Effort angina ; Myocardial infarction ; Coronary artery disease ; Medications: digitalis, nitrates ; Recorder type: Del Mar Avionics 445B",True,False,False,False,5.15
edb,European ST-T Database,Isquemia Miocárdica (Cambios ST-T),e0603,250.0,2,V5/V2,200/200,1800000,,7200.0,2.0,02:00:00,61,M,Age: 61  Sex: M ; Resting angina ; Arterial hypertension ; 3-vessel disease ; Medications: nifedipine ; Recorder type: Del Mar Avionics 445B,True,False,False,False,5.15
edb,European ST-T Database,Isquemia Miocárdica (Cambios ST-T),e0604,250.0,2,V2/MLIII,200/200,1800000,,7200.0,2.0,02:00:00,49,M,"Age: 49  Sex: M ; Mixed angina ; Myocardial infarction ; Coronary artery disease ; Medications: beta-blockers, nifedipine ; Recorder type: Del Mar Avionics 445B",True,False,False,False,5.15
edb,European ST-T Database,Isquemia Miocárdica (Cambios ST-T),e0605,250.0,2,V5/MLIII,200/200,1800000,,7200.0,2.0,02:00:00,48,M,Age: 48  Sex: M ; Effort angina ; Inferior myocardial infarction ; 3-vessel disease ; Recorder type: Del Mar Avionics 445B,True,False,False,False,5.15
edb,European ST-T Database,Isquemia Miocárdica (Cambios ST-T),e0606,250.0,2,V5/MLIII,200/200,1800000,,7200.0,2.0,02:00:00,30,M,"Age: 30  Sex: M ; Mixed angina ; Myocardial infarction ; 2-vessel disease (LAD, RCA) ; Medications: nifedipine ; Recorder type: Del Mar Avionics 445B",True,False,False,False,5.15
edb,European ST-T Database,Isquemia Miocárdica (Cambios ST-T),e0607,250.0,2,V5/V4,200/200,1800000,,7200.0,2.0,02:00:00,70,F,"Age: 70  Sex: F ; Resting angina ; Infero-lateral myocardial infarction ; Arterial hypertension ; 3-vessel disease ; Medications: nitrates, verapamil ; Recorder type: Del Mar Avionics 445B",True,False,False,False,5.15
edb,European ST-T Database,Isquemia Miocárdica (Cambios ST-T),e0609,250.0,2,V5/MLIII,200/200,1800000,,7200.0,2.0,02:00:00,46,M,Age: 46  Sex: M ; Effort angina ; Myocardial infarction ; Coronary artery disease ; Recorder type: Del Mar Avionics 445B,True,False,False,False,5.15
edb,European ST-T Database,Isquemia Miocárdica (Cambios ST-T),e0610,250.0,2,V5/MLIII,200/200,1800000,,7200.0,2.0,02:00:00,65,M,Age: 65  Sex: M ; Effort angina ; Non-Q myocardial infarction ; 1-vessel disease (LAD) ; Recorder type: Del Mar Avionics 445B,True,False,False,False,5.15
edb,European ST-T Database,Isquemia Miocárdica (Cambios ST-T),e0611,250.0,2,V5/MLIII,200/200,1800000,,7200.0,2.0,02:00:00,44,M,Age: 44  Sex: M ; Mixed angina ; Coronary artery disease ; Recorder type: Del Mar Avionics 445B,True,False,False,False,5.15
edb,European ST-T Database,Isquemia Miocárdica (Cambios ST-T),e0612,250.0,2,V5/MLIII,200/200,1800000,,7200.0,2.0,02:00:00,64,M,Age: 64  Sex: M ; Effort angina ; Coronary artery disease ; Recorder type: Del Mar Avionics 445B,True,False,False,False,5.15
edb,European ST-T Database,Isquemia Miocárdica (Cambios ST-T),e0613,250.0,2,V5/MLIII,200/200,1800000,,7200.0,2.0,02:00:00,55,M,Age: 55  Sex: M ; Effort angina ; 3-vessel disease and LCA main stem ; Recorder type: Del Mar Avionics 445B,True,False,False,False,5.15
edb,European ST-T Database,Isquemia Miocárdica (Cambios ST-T),e0614,250.0,2,V5/V1,200/200,1800000,,7200.0,2.0,02:00:00,73,M,Age: 73  Sex: M ; Arterial hypertension ; Unknown coronary artery disease ; Hypotensive cardiomyopathy ; Recorder type: Del Mar Avionics 445B,True,False,False,False,5.15
edb,European ST-T Database,Isquemia Miocárdica (Cambios ST-T),e0615,250.0,2,V5/MLIII,200/200,1800000,,7200.0,2.0,02:00:00,66,M,Age: 66  Sex: M ; Inferior myocardial infarction ; Resting angina ; Arterial hypertension ; Recorder type: Del Mar Avionics 445B,True,False,False,False,5.15
edb,European ST-T Database,Isquemia Miocárdica (Cambios ST-T),e0704,250.0,2,V5/V1,200/200,1800000,,7200.0,2.0,02:00:00,57,M,Age: 57  Sex: M ; Coronary artery disease ; Recorder type: Oxford Medilog 4-24,True,False,False,False,5.15
edb,European ST-T Database,Isquemia Miocárdica (Cambios ST-T),e0801,250.0,2,V1/V5,200/200,1800000,,7200.0,2.0,02:00:00,62,F,"Age: 62  Sex: F ; Coronary artery disease ; Medications: nifedipine, beta-blockers ; Recorder type: Oxford Medilog MR-40",True,False,False,False,5.15
edb,European ST-T Database,Isquemia Miocárdica (Cambios ST-T),e0808,250.0,2,V5/V1,200/200,1800000,,7200.0,2.0,02:00:00,51,M,Age: 51  Sex: M ; No coronary artery disease ; Hyperkalemia ; Chronic renal failure ; Recorder type: Oxford Medilog MR-14,True,False,False,False,5.15
edb,European ST-T Database,Isquemia Miocárdica (Cambios ST-T),e0817,250.0,2,V5/V1,200/200,1800000,,7200.0,2.0,02:00:00,55,F,Age: 55  Sex: F ; Myocardial infarction ; Arterial hypertension ; Coronary artery disease ; Recorder type: Oxford Medilog MR-14,True,False,False,False,5.15
edb,European ST-T Database,Isquemia Miocárdica (Cambios ST-T),e0818,250.0,2,V5/V1,200/200,1800000,,7200.0,2.0,02:00:00,53,F,Age: 53  Sex: F ; Coronary artery disease ; Arterial hypertension ; Recorder type: Oxford Medilog MR-40,True,False,False,False,5.15
edb,European ST-T Database,Isquemia Miocárdica (Cambios ST-T),e1301,250.0,2,V1/V5,200/200,1800000,,7200.0,2.0,02:00:00,35,M,Age: 35  Sex: M ; 1-vessel disease (LAD) ; Recorder type: Reynolds Tracker,True,False,False,False,5.15
edb,European ST-T Database,Isquemia Miocárdica (Cambios ST-T),e1302,250.0,2,V1/V5,200/200,1800000,,7200.0,2.0,02:00:00,68,M,Age: 68  Sex: M ; Arterial hypertension ; Coronary artery disease ; Recorder type: Reynolds Tracker,True,False,False,False,5.15
edb,European ST-T Database,Isquemia Miocárdica (Cambios ST-T),e1304,250.0,2,V1/V5,200/200,1800000,,7200.0,2.0,02:00:00,59,M,Age: 59  Sex: M ; Myocardial infarction ; 3-vessel disease ; Recorder type: Reynolds Tracker,True,False,False,False,5.15
vfdb,MIT-BIH Malignant Ventricular Ectopy Database,Arritmias Ventriculares Letales / Malignas,418,250.0,2,ECG/ECG,200/200,525000,,2100.0,0.58,00:35:00,,,,True,False,True,False,1.5
vfdb,MIT-BIH Malignant Ventricular Ectopy Database,Arritmias Ventriculares Letales / Malignas,419,250.0,2,ECG/ECG,200/200,525000,,2100.0,0.58,00:35:00,,,,True,False,True,False,1.5
vfdb,MIT-BIH Malignant Ventricular Ectopy Database,Arritmias Ventriculares Letales / Malignas,420,250.0,2,ECG/ECG,200/200,525000,,2100.0,0.58,00:35:00,,,,True,False,True,False,1.5
vfdb,MIT-BIH Malignant Ventricular Ectopy Database,Arritmias Ventriculares Letales / Malignas,421,250.0,2,ECG/ECG,200/200,525000,,2100.0,0.58,00:35:00,,,,True,False,True,False,1.5
vfdb,MIT-BIH Malignant Ventricular Ectopy Database,Arritmias Ventriculares Letales / Malignas,422,250.0,2,ECG/ECG,200/200,525000,,2100.0,0.58,00:35:00,,,,True,False,True,False,1.5
vfdb,MIT-BIH Malignant Ventricular Ectopy Database,Arritmias Ventriculares Letales / Malignas,423,250.0,2,ECG/ECG,200/200,525000,,2100.0,0.58,00:35:00,,,,True,False,True,False,1.5
vfdb,MIT-BIH Malignant Ventricular Ectopy Database,Arritmias Ventriculares Letales / Malignas,424,250.0,2,ECG/ECG,200/200,525000,,2100.0,0.58,00:35:00,,,,True,False,True,False,1.5
vfdb,MIT-BIH Malignant Ventricular Ectopy Database,Arritmias Ventriculares Letales / Malignas,425,250.0,2,ECG/ECG,200/200,525000,,2100.0,0.58,00:35:00,,,,True,False,True,False,1.5
vfdb,MIT-BIH Malignant Ventricular Ectopy Database,Arritmias Ventriculares Letales / Malignas,426,250.0,2,ECG/ECG,200/200,525000,,2100.0,0.58,00:35:00,,,,True,False,True,False,1.5
vfdb,MIT-BIH Malignant Ventricular Ectopy Database,Arritmias Ventriculares Letales / Malignas,427,250.0,2,ECG/ECG,200/200,525000,,2100.0,0.58,00:35:00,,,,True,False,True,False,1.5
vfdb,MIT-BIH Malignant Ventricular Ectopy Database,Arritmias Ventriculares Letales / Malignas,428,250.0,2,ECG/ECG,200/200,525000,,2100.0,0.58,00:35:00,,,,True,False,True,False,1.5
vfdb,MIT-BIH Malignant Ventricular Ectopy Database,Arritmias Ventriculares Letales / Malignas,429,250.0,2,ECG/ECG,200/200,525000,,2100.0,0.58,00:35:00,,,,True,False,True,False,1.5
vfdb,MIT-BIH Malignant Ventricular Ectopy Database,Arritmias Ventriculares Letales / Malignas,430,250.0,2,ECG/ECG,200/200,525000,,2100.0,0.58,00:35:00,,,,True,False,True,False,1.5
vfdb,MIT-BIH Malignant Ventricular Ectopy Database,Arritmias Ventriculares Letales / Malignas,602,250.0,2,ECG/ECG,200/200,525000,,2100.0,0.58,00:35:00,,,,True,False,True,False,1.5
vfdb,MIT-BIH Malignant Ventricular Ectopy Database,Arritmias Ventriculares Letales / Malignas,605,250.0,2,ECG/ECG,200/200,525000,,2100.0,0.58,00:35:00,,,,True,False,True,False,1.5
vfdb,MIT-BIH Malignant Ventricular Ectopy Database,Arritmias Ventriculares Letales / Malignas,607,250.0,2,ECG/ECG,200/200,525000,,2100.0,0.58,00:35:00,,,,True,False,True,False,1.5
vfdb,MIT-BIH Malignant Ventricular Ectopy Database,Arritmias Ventriculares Letales / Malignas,609,250.0,2,ECG/ECG,200/200,525000,,2100.0,0.58,00:35:00,,,,True,False,True,False,1.5
vfdb,MIT-BIH Malignant Ventricular Ectopy Database,Arritmias Ventriculares Letales / Malignas,610,250.0,2,ECG/ECG,200/200,525000,,2100.0,0.58,00:35:00,,,,True,False,True,False,1.5
vfdb,MIT-BIH Malignant Ventricular Ectopy Database,Arritmias Ventriculares Letales / Malignas,611,250.0,2,ECG/ECG,200/200,525000,,2100.0,0.58,00:35:00,,,,True,False,True,True,1.5
vfdb,MIT-BIH Malignant Ventricular Ectopy Database,Arritmias Ventriculares Letales / Malignas,612,250.0,2,ECG/ECG,200/200,525000,,2100.0,0.58,00:35:00,,,,True,False,True,False,1.5
vfdb,MIT-BIH Malignant Ventricular Ectopy Database,Arritmias Ventriculares Letales / Malignas,614,250.0,2,ECG/ECG,200/200,525000,,2100.0,0.58,00:35:00,,,,True,False,True,False,1.5
vfdb,MIT-BIH Malignant Ventricular Ectopy Database,Arritmias Ventriculares Letales / Malignas,615,250.0,2,ECG/ECG,200/200,525000,,2100.0,0.58,00:35:00,,,,True,False,True,False,1.5
sddb,Sudden Cardiac Death Holter Database,Paro Cardíaco / Muerte Súbita Cardíaca (MSC),30,250.0,2,ECG/ECG,800/800,22099250,12:00:00,88397.0,24.55,24:33:17,,,"Produced by xform_new from record 30, beginning at 26:35.000 ; vfon: 07:54:33",True,True,False,False,63.23
sddb,Sudden Cardiac Death Holter Database,Paro Cardíaco / Muerte Súbita Cardíaca (MSC),31,250.0,2,ECG/ECG,800/800,12580000,10:15:00,50320.0,13.98,13:58:40,,,"Produced by xform_new from record 31, beginning at 13:20.000 ; vfon: 13:42:24",True,True,False,False,35.99
sddb,Sudden Cardiac Death Holter Database,Paro Cardíaco / Muerte Súbita Cardíaca (MSC),32,250.0,2,ECG/ECG,800/800,21900000,5:04:00,87600.0,24.33,24:20:00,,,"Produced by xform_new from record 32, beginning at 18:00.000 ; vfon: 16:45:18",True,True,False,False,62.66
sddb,Sudden Cardiac Death Holter Database,Paro Cardíaco / Muerte Súbita Cardíaca (MSC),33,250.0,2,ECG/ECG,800/800,22095000,10:38:00,88380.0,24.55,24:33:00,,,"Produced by xform_new from record 33, beginning at 7:00.000 ; vfon: 04:46:19",False,True,False,False,63.21
sddb,Sudden Cardiac Death Holter Database,Paro Cardíaco / Muerte Súbita Cardíaca (MSC),34,250.0,2,ECG/ECG,800/800,6380000,12:00:00,25520.0,7.09,07:05:20,,,"Produced by xform_new from record 34, beginning at 0 ; vfon: 06:35:44",True,True,False,False,18.25
sddb,Sudden Cardiac Death Holter Database,Paro Cardíaco / Muerte Súbita Cardíaca (MSC),35,250.0,2,ECG/ECG,800/800,22380000,12:00:00,89520.0,24.87,24:52:00,,,"Produced by xform_new from record 35, beginning at 0 ; vfon: 24:34:56",True,True,False,False,64.03
sddb,Sudden Cardiac Death Holter Database,Paro Cardíaco / Muerte Súbita Cardíaca (MSC),36,250.0,2,ECG/ECG,800/800,18320000,15:09:00,73280.0,20.36,20:21:20,,,"Produced by xform from record 36, beginning at 8:40.000 ; vfon: 18:59:01",True,True,False,False,52.41
sddb,Sudden Cardiac Death Holter Database,Paro Cardíaco / Muerte Súbita Cardíaca (MSC),37,250.0,2,ECG/ECG,800/800,22620000,14:29:00,90480.0,25.13,25:08:00,,,"Produced by xform from record 37, beginning at 10:00.000 ; vfon: 01:31:13",False,True,False,False,64.72
sddb,Sudden Cardiac Death Holter Database,Paro Cardíaco / Muerte Súbita Cardíaca (MSC),38,250.0,2,ECG/ECG,800/800,16476250,12:00:00,65905.0,18.31,18:18:25,,,"Produced by xform from record 38, beginning at 8:55.000 ; vfon: 08:01:54",False,True,False,False,47.14
sddb,Sudden Cardiac Death Holter Database,Paro Cardíaco / Muerte Súbita Cardíaca (MSC),39,250.0,2,ECG/ECG,200/200,5205000,12:00:00,20820.0,5.78,05:47:00,,,"Produced by xform from record 39, beginning at 0 ; vfon: 04:37:51",False,True,False,False,14.89
sddb,Sudden Cardiac Death Holter Database,Paro Cardíaco / Muerte Súbita Cardíaca (MSC),40,250.0,2,ECG/ECG,800/800,22395000,9:50:00,89580.0,24.88,24:53:00,,,"Produced by xform from record 40, beginning at 0",False,True,False,False,64.07
sddb,Sudden Cardiac Death Holter Database,Paro Cardíaco / Muerte Súbita Cardíaca (MSC),41,250.0,2,ECG/ECG,800/800,3540000,11:45:00,14160.0,3.93,03:56:00,,,"Produced by xform from record 41, beginning at 0 ; vfon: 02:59:24",True,True,False,False,10.13
sddb,Sudden Cardiac Death Holter Database,Paro Cardíaco / Muerte Súbita Cardíaca (MSC),42,250.0,2,ECG/ECG,800/800,22622500,12:00:00,90490.0,25.14,25:08:10,,,"Produced by xform from record 42, beginning at 18:10.000",False,True,False,False,64.72
sddb,Sudden Cardiac Death Holter Database,Paro Cardíaco / Muerte Súbita Cardíaca (MSC),43,250.0,2,ECG/ECG,800/800,20817500,12:00:00,83270.0,23.13,23:07:50,,,"Produced by xform from record 43, beginning at 1:20.000 ; vfon: 15:37:11",False,True,False,False,59.56
sddb,Sudden Cardiac Death Holter Database,Paro Cardíaco / Muerte Súbita Cardíaca (MSC),44,250.0,2,ECG/ECG,800/800,21000000,14:51:00,84000.0,23.33,23:20:00,,,"Produced by xform from record 44, beginning at 0 ; vfon: 19:38:45",False,True,False,False,60.08
sddb,Sudden Cardiac Death Holter Database,Paro Cardíaco / Muerte Súbita Cardíaca (MSC),45,250.0,2,ECG/ECG,800/800,21740000,12:00:00,86960.0,24.16,24:09:20,,,"Produced by xform from record 45, beginning at 0:40.000 ; vfon: 18:09:17",True,True,False,False,62.2
sddb,Sudden Cardiac Death Holter Database,Paro Cardíaco / Muerte Súbita Cardíaca (MSC),46,250.0,2,ECG/ECG,800/800,3827500,10:20:00,15310.0,4.25,04:15:10,,,"Produced by xform from record 46, beginning at 9:50.000 ; vfon: 03:41:47",True,True,False,False,10.95
sddb,Sudden Cardiac Death Holter Database,Paro Cardíaco / Muerte Súbita Cardíaca (MSC),47,250.0,2,ECG/ECG,200/200,21237500,12:00:00,84950.0,23.6,23:35:50,,,"Produced by xform from record 47, beginning at 44:10.000 ; vfon: 06:13:01",False,True,False,False,60.76
sddb,Sudden Cardiac Death Holter Database,Paro Cardíaco / Muerte Súbita Cardíaca (MSC),48,250.0,2,ECG/ECG,800/800,22143750,10:15:00,88575.0,24.6,24:36:15,,,"Produced by xform from record 48, beginning at 7:45.000 ; vfon: 02:29:40",False,True,False,False,63.35
sddb,Sudden Cardiac Death Holter Database,Paro Cardíaco / Muerte Súbita Cardíaca (MSC),49,250.0,2,ECG/ECG,800/800,22380957,13:40:00,89523.83,24.87,24:52:03,,,"Produced by xform from record 49, beginning at 6:05.000",True,True,False,False,64.03
sddb,Sudden Cardiac Death Holter Database,Paro Cardíaco / Muerte Súbita Cardíaca (MSC),50,250.0,2,ECG/ECG,800/800,20814500,21:50:00,83258.0,23.13,23:07:38,,,"Produced by xform from record 50, beginning at 0:22.000 ; vfon: 11:45:43",False,True,False,False,59.55
sddb,Sudden Cardiac Death Holter Database,Paro Cardíaco / Muerte Súbita Cardíaca (MSC),51,250.0,2,ECG/ECG,800/800,22627500,12:00:00,90510.0,25.14,25:08:30,,,"Produced by xform from record 51, beginning at 0 ; vfon: 22:58:23",True,True,False,False,64.74
sddb,Sudden Cardiac Death Holter Database,Paro Cardíaco / Muerte Súbita Cardíaca (MSC),52,250.0,2,ECG/ECG,800/800,6766250,12:00:00,27065.0,7.52,07:31:05,,,"Produced by xform from record 52, beginning at 5:55.000 ; vfon: 02:32:40",True,True,False,False,19.36
